Date,Country,"Cumulative number of confirmed, probable and suspected cases","Cumulative number of of confirmed, probable and suspected deaths"
8/29/14,Guinea,648,430
8/29/14,Nigeria,19,7
8/29/14,Sierra Leone,1026,422
8/29/14,Liberia,1378,694
9/5/14,Sierra Leone,1261,491
9/5/14,Nigeria,22,8
9/5/14,Liberia,1871,1089
9/5/14,Guinea,812,517
9/5/14,Senegal,1,0
9/8/14,Senegal,3,0
9/8/14,Guinea,862,555
9/8/14,Sierra Leone,1361,509
9/8/14,Liberia,2046,1224
9/8/14,Nigeria,21,8
9/12/14,Guinea,861,557
9/12/14,Sierra Leone,1424,524
9/12/14,Nigeria,21,8
9/12/14,Liberia,2081,1137
9/12/14,Senegal,3,0
9/16/14,Senegal,1,0
9/16/14,Sierra Leone,1620,562
9/16/14,Guinea,936,595
9/16/14,Nigeria,21,8
9/16/14,Liberia,2407,1296
9/18/14,Nigeria,21,8
9/18/14,Guinea,942,601
9/18/14,Sierra Leone,1673,562
9/18/14,Liberia,2710,1459
9/18/14,Senegal,1,0
9/22/14,Nigeria,20,8
9/22/14,Sierra Leone,1813,593
9/22/14,Liberia,3022,1578
9/22/14,Senegal,1,0
9/22/14,Guinea,1008,632
9/24/14,Liberia,3280,1677
9/24/14,Guinea,1022,635
9/24/14,Nigeria,20,8
9/24/14,Senegal,1,0
9/24/14,Sierra Leone,1940,597
9/26/14,Sierra Leone,2021,605
9/26/14,Liberia,3458,1830
9/26/14,Senegal,1,0
9/26/14,Guinea,1074,648
9/26/14,Nigeria,20,8
10/1/14,Guinea,1157,710
10/1/14,Senegal,1,0
10/1/14,Nigeria,20,8
10/1/14,Sierra Leone,2304,622
10/1/14,Liberia,3696,1998
10/3/14,United States of America,1,0
10/3/14,Nigeria,20,8
10/3/14,Guinea,1199,739
10/3/14,Liberia,3834,2069
10/3/14,Sierra Leone,2437,623
10/3/14,Senegal,1,0
10/8/14,Nigeria,20,8
10/8/14,United States of America,1,0
10/8/14,Senegal,1,0
10/8/14,Guinea,1298,768
10/8/14,Sierra Leone,2789,879
10/8/14,Liberia,3924,2210
10/10/14,United States of America,1,0
10/10/14,Senegal,1,0
10/10/14,Liberia,4076,2316
10/10/14,Nigeria,20,8
10/10/14,Spain,1,0
10/10/14,Guinea,1350,778
10/10/14,Sierra Leone,2950,930
10/15/14,United States of America,2,1
10/15/14,Senegal,1,0
10/15/14,Nigeria,20,8
10/15/14,Liberia,4249,2458
10/15/14,Spain,1,0
10/15/14,Guinea,1472,843
10/15/14,Sierra Leone,3252,1183
10/17/14,Guinea,1519,862
10/17/14,Nigeria,20,8
10/17/14,Spain,1,0
10/17/14,Senegal,1,0
10/17/14,United States of America,3,1
10/17/14,Liberia,4262,2484
10/17/14,Sierra Leone,3410,1200
10/22/14,Nigeria,20,8
10/22/14,Spain,1,0
10/22/14,United States of America,3,1
10/22/14,Sierra Leone,3706,1259
10/22/14,Senegal,1,0
10/22/14,Liberia,4665,2705
10/22/14,Guinea,1540,904
10/25/14,Mali,1,1
10/25/14,United States of America,4,1
10/25/14,Sierra Leone,3896,1281
10/25/14,Spain,1,0
10/25/14,Senegal,1,0
10/25/14,Nigeria,20,8
10/25/14,Guinea,1553,926
10/25/14,Liberia,4665,2705
10/29/14,Liberia,6535,2413
10/29/14,Mali,1,1
10/29/14,Nigeria,20,8
10/29/14,Senegal,1,0
10/29/14,Spain,1,0
10/29/14,Guinea,1906,997
10/29/14,United States of America,4,1
10/29/14,Sierra Leone,5235,1500
10/31/14,Guinea,1667,1018
10/31/14,Nigeria,20,8
10/31/14,Spain,1,0
10/31/14,United States of America,4,1
10/31/14,Senegal,1,0
10/31/14,Mali,1,1
10/31/14,Liberia,6535,2413
10/31/14,Sierra Leone,5338,1510
11/5/14,Spain,1,0
11/5/14,United States of America,4,1
11/5/14,Guinea,1731,1041
11/5/14,Liberia,6525,2697
11/5/14,Mali,1,1
11/5/14,Nigeria,20,8
11/5/14,Senegal,1,0
11/5/14,Sierra Leone,4759,1070
11/7/14,Nigeria,20,8
11/7/14,Guinea,1760,1054
11/7/14,United States of America,4,1
11/7/14,Senegal,1,0
11/7/14,Liberia,6619,2766
11/7/14,Spain,1,0
11/7/14,Mali,1,1
11/7/14,Sierra Leone,4862,1130
11/12/14,Spain,1,0
11/12/14,United States of America,4,1
11/12/14,Mali,4,4
11/12/14,Nigeria,20,8
11/12/14,Guinea,1878,1142
11/12/14,Sierra Leone,5368,1169
11/12/14,Liberia,6822,2836
11/12/14,Senegal,1,0
11/14/14,Senegal,1,0
11/14/14,Guinea,1919,1166
11/14/14,Spain,1,0
11/14/14,Nigeria,20,8
11/14/14,Mali,4,3
11/14/14,United States of America,4,1
11/14/14,Liberia,6878,2812
11/14/14,Sierra Leone,5586,1187
11/19/14,Liberia,7069,2964
11/19/14,Spain,1,0
11/19/14,Sierra Leone,6073,1250
11/19/14,Senegal,1,0
11/19/14,Nigeria,20,8
11/19/14,Mali,6,5
11/19/14,United States of America,4,1
11/19/14,Guinea,1971,1192
11/21/14,Spain,1,0
11/21/14,Liberia,7082,2963
11/21/14,Nigeria,20,8
11/21/14,United States of America,4,1
11/21/14,Sierra Leone,6190,1267
11/21/14,Mali,6,6
11/21/14,Senegal,1,0
11/21/14,Guinea,2047,1214
11/26/14,Sierra Leone,6599,1398
11/26/14,Liberia,7168,3016
11/26/14,Mali,8,6
11/26/14,United States of America,4,1
11/26/14,Spain,1,0
11/26/14,Nigeria,20,8
11/26/14,Guinea,2134,1260
11/26/14,Senegal,1,0
12/1/14,Senegal,1,0
12/1/14,Mali,8,6
12/1/14,Spain,1,0
12/1/14,Sierra Leone,7109,1530
12/1/14,Liberia,7635,3145
12/1/14,Nigeria,20,8
12/1/14,Guinea,2155,1312
12/1/14,United States of America,4,1
12/3/14,Mali,8,6
12/3/14,Spain,1,0
12/3/14,Guinea,2164,1327
12/3/14,Senegal,1,0
12/3/14,Sierra Leone,7312,1583
12/3/14,Liberia,7635,3145
12/3/14,United States of America,4,1
12/3/14,Nigeria,20,8
12/10/14,Spain,1,0
12/10/14,Guinea,2292,1428
12/10/14,Senegal,1,0
12/10/14,Mali,8,6
12/10/14,Liberia,7719,3177
12/10/14,Sierra Leone,7897,1768
12/10/14,Nigeria,20,8
12/10/14,United States of America,4,1
12/15/14,Spain,1,0
12/15/14,Nigeria,20,8
12/15/14,Guinea,2394,1518
12/15/14,United States of America,4,1
12/15/14,Mali,8,6
12/15/14,Liberia,7797,3290
12/15/14,Senegal,1,0
12/15/14,Sierra Leone,8273,2033
12/17/14,Nigeria,20,8
12/17/14,Senegal,1,0
12/17/14,Spain,1,0
12/17/14,Liberia,7797,3290
12/17/14,Mali,8,6
12/17/14,United States of America,4,1
12/17/14,Guinea,2416,1525
12/17/14,Sierra Leone,8356,2085
12/22/14,Spain,1,0
12/22/14,United States of America,4,1
12/22/14,Nigeria,20,8
12/22/14,Senegal,1,0
12/22/14,Guinea,2571,1586
12/22/14,Liberia,7830,3376
12/22/14,Mali,8,6
12/22/14,Sierra Leone,8939,2556
12/23/14,Sierra Leone,9004,2582
12/23/14,Mali,8,6
12/23/14,Spain,1,0
12/23/14,Liberia,7830,3376
12/23/14,Senegal,1,0
12/23/14,Guinea,2597,1607
12/23/14,Nigeria,20,8
12/23/14,United States of America,4,1
12/24/14,Nigeria,20,8
12/24/14,Senegal,1,0
12/24/14,Guinea,2597,1607
12/24/14,Sierra Leone,9004,2582
12/24/14,Spain,1,0
12/24/14,Mali,8,6
12/24/14,Liberia,7862,3384
12/24/14,United States of America,4,1
12/26/14,Senegal,1,0
12/26/14,Mali,8,6
12/26/14,Sierra Leone,9203,2655
12/26/14,United States of America,4,1
12/26/14,Nigeria,20,8
12/26/14,Guinea,2630,1654
12/26/14,Liberia,7862,3384
12/26/14,Spain,1,0
12/29/14,United States of America,4,1
12/29/14,Sierra Leone,9409,2732
12/29/14,Nigeria,20,8
12/29/14,Mali,8,6
12/29/14,Liberia,7977,3413
12/29/14,Guinea,2695,1697
12/29/14,Senegal,1,0
12/29/14,Spain,1,0
12/30/14,United States of America,4,1
12/30/14,Sierra Leone,9446,2758
12/30/14,Mali,8,6
12/30/14,Liberia,7977,3413
12/30/14,Guinea,2706,1708
12/30/14,Spain,1,0
12/30/14,Senegal,1,0
12/30/14,Nigeria,20,8
12/31/14,Spain,1,0
12/31/14,Senegal,1,0
12/31/14,Liberia,8018,3423
12/31/14,Sierra Leone,9446,2758
12/31/14,Mali,8,6
12/31/14,Nigeria,20,8
12/31/14,United States of America,4,1
12/31/14,Guinea,2707,1709
1/2/15,Nigeria,20,8
1/2/15,Spain,1,0
1/2/15,United States of America,4,1
1/2/15,Senegal,1,0
1/2/15,United Kingdom,0,0
1/2/15,Liberia,8018,3423
1/2/15,Sierra Leone,9633,2827
1/2/15,Mali,8,6
1/2/15,Guinea,2730,1739
1/5/15,Sierra Leone,9772,2915
1/5/15,Liberia,8115,3471
1/5/15,Spain,1,0
1/5/15,Nigeria,20,8
1/5/15,United Kingdom,0,0
1/5/15,Guinea,2769,1767
1/5/15,United States of America,4,1
1/5/15,Mali,8,6
1/5/15,Senegal,1,0
1/6/15,United Kingdom,1,0
1/6/15,Guinea,2775,1781
1/6/15,Sierra Leone,9780,2943
1/6/15,Liberia,8157,3496
1/6/15,Spain,1,0
1/6/15,United States of America,4,1
1/6/15,Senegal,1,0
1/6/15,Nigeria,20,8
1/6/15,Mali,8,6
1/7/15,Spain,1,0
1/7/15,Guinea,2775,1781
1/7/15,Senegal,1,0
1/7/15,Nigeria,20,8
1/7/15,United Kingdom,1,0
1/7/15,Mali,8,6
1/7/15,United States of America,4,1
1/7/15,Sierra Leone,9780,2943
1/7/15,Liberia,8157,3496
1/8/15,United Kingdom,"
",0
1/8/15,Mali,"
",6
1/8/15,Guinea,2776,1786
1/8/15,Sierra Leone,10030,2977
1/8/15,Liberia,8166,3496
1/9/15,Mali,"
",6
1/9/15,Guinea,2793,1797
1/9/15,United Kingdom,"
",0
1/9/15,Sierra Leone,10030,2977
1/9/15,Liberia,8263,3515
1/12/15,Liberia,8278,3515
1/12/15,United Kingdom,"
",0
1/12/15,Sierra Leone,10094,3049
1/12/15,Mali,"
",6
1/12/15,Guinea,2799,1807
1/13/15,United Kingdom,"
",0
1/13/15,Mali,"
",6
1/13/15,Guinea,2799,1807
1/13/15,Liberia,8278,3515
1/13/15,Sierra Leone,10094,3049
1/14/15,Liberia,8331,3538
1/14/15,United States of America,4,1
1/14/15,Senegal,1,0
1/14/15,Guinea,2806,1814
1/14/15,Spain,1,0
1/14/15,Nigeria,20,8
1/14/15,Sierra Leone,10124,3062
1/14/15,Mali,8,6
1/14/15,United Kingdom,1,0
1/15/15,Sierra Leone,10150,3067
1/15/15,Liberia,8362,3556
1/15/15,United States of America,4,1
1/15/15,Mali,8,6
1/15/15,Spain,1,0
1/15/15,Guinea,2817,1821
1/15/15,United Kingdom,1,0
1/15/15,Nigeria,20,8
1/15/15,Senegal,1,0
1/16/15,Spain,1,0
1/16/15,Nigeria,20,8
1/16/15,Guinea,2825,1829
1/16/15,Mali,8,6
1/16/15,Senegal,1,0
1/16/15,Liberia,8362,3556
1/16/15,United States of America,4,1
1/16/15,Sierra Leone,10186,3083
1/16/15,United Kingdom,1,0
1/19/15,Nigeria,20,8
1/19/15,Liberia,8435,3587
1/19/15,United Kingdom,1,0
1/19/15,Spain,1,0
1/19/15,Guinea,2873,1875
1/19/15,Sierra Leone,10306,3132
1/19/15,Senegal,1,0
1/19/15,United States of America,4,1
1/19/15,Mali,8,6
1/20/15,Spain,1,0
1/20/15,United Kingdom,1,0
1/20/15,Senegal,1,0
1/20/15,Nigeria,20,8
1/20/15,Liberia,8478,3605
1/20/15,Guinea,2871,1876
1/20/15,Mali,8,6
1/20/15,United States of America,4,1
1/20/15,Sierra Leone,10340,3145
1/21/15,Sierra Leone,10340,3145
1/21/15,Nigeria,20,8
1/21/15,Liberia,8478,3605
1/21/15,Spain,1,0
1/21/15,Mali,8,6
1/21/15,Senegal,1,0
1/21/15,United States of America,4,1
1/21/15,Guinea,2871,1876
1/21/15,United Kingdom,1,0
1/22/15,Liberia,8524,3636
1/22/15,Senegal,1,0
1/22/15,United States of America,4,1
1/22/15,Nigeria,20,8
1/22/15,Sierra Leone,10362,3153
1/22/15,Mali,8,6
1/22/15,Guinea,2873,1879
1/22/15,Spain,1,0
1/22/15,United Kingdom,1,0
1/23/15,Sierra Leone,10400,3159
1/23/15,Mali,8,6
1/23/15,Liberia,8524,3636
1/23/15,Spain,1,0
1/23/15,Guinea,2873,1880
1/23/15,Senegal,1,0
1/23/15,Nigeria,20,8
1/23/15,United States of America,4,1
1/23/15,United Kingdom,1,0
1/26/15,Senegal,1,0
1/26/15,Sierra Leone,10491,3195
1/26/15,Nigeria,20,8
1/26/15,United States of America,4,1
1/26/15,Guinea,2909,1906
1/26/15,United Kingdom,1,0
1/26/15,Mali,8,6
1/26/15,Liberia,8524,3636
1/26/15,Spain,1,0
1/27/15,Mali,8,6
1/27/15,Liberia,8622,3686
1/27/15,United States of America,4,1
1/27/15,Spain,1,0
1/27/15,Nigeria,20,8
1/27/15,Senegal,1,0
1/27/15,Sierra Leone,10518,3199
1/27/15,United Kingdom,1,0
1/27/15,Guinea,2917,1910
1/28/15,Senegal,1,0
1/28/15,Liberia,8622,3686
1/28/15,United States of America,4,1
1/28/15,Sierra Leone,10518,3199
1/28/15,Spain,1,0
1/28/15,United Kingdom,1,0
1/28/15,Mali,8,6
1/28/15,Nigeria,20,8
1/28/15,Guinea,2917,1910
1/29/15,Mali,8,6
1/29/15,Nigeria,20,8
1/29/15,Spain,1,0
1/29/15,Liberia,8643,3700
1/29/15,United States of America,4,1
1/29/15,Senegal,1,0
1/29/15,Sierra Leone,10537,3207
1/29/15,Guinea,2921,1911
1/29/15,United Kingdom,1,0
1/30/15,Spain,1,0
1/30/15,Liberia,8643,3700
1/30/15,Sierra Leone,10561,3216
1/30/15,United Kingdom,1,0
1/30/15,Senegal,1,0
1/30/15,United States of America,4,1
1/30/15,Guinea,2920,1913
1/30/15,Nigeria,20,8
1/30/15,Mali,8,6
2/2/15,Liberia,8668,3710
2/2/15,Sierra Leone,10707,3274
2/2/15,United States of America,4,1
2/2/15,Nigeria,20,8
2/2/15,Senegal,1,0
2/2/15,Guinea,2959,1937
2/2/15,Mali,8,6
2/2/15,Spain,1,0
2/2/15,United Kingdom,1,0
2/3/15,Guinea,2975,1944
2/3/15,Mali,8,6
2/3/15,Senegal,1,0
2/3/15,Liberia,8729,3739
2/3/15,Nigeria,20,8
2/3/15,United Kingdom,1,0
2/3/15,Spain,1,0
2/3/15,Sierra Leone,10740,3276
2/3/15,United States of America,4,1
2/4/15,Sierra Leone,10740,3276
2/4/15,Mali,8,6
2/4/15,Liberia,8745,3746
2/4/15,Guinea,2975,1944
2/4/15,Spain,1,0
2/4/15,United Kingdom,1,0
2/4/15,Senegal,1,0
2/4/15,Nigeria,20,8
2/4/15,United States of America,4,1
2/5/15,United Kingdom,1,0
2/5/15,United States of America,4,1
2/5/15,Mali,8,6
2/5/15,Guinea,2986,1947
2/5/15,Sierra Leone,10756,3286
2/5/15,Nigeria,20,8
2/5/15,Liberia,8745,3746
2/5/15,Senegal,1,0
2/5/15,Spain,1,0
2/6/15,Nigeria,20,8
2/6/15,Mali,8,6
2/6/15,Spain,1,0
2/6/15,Senegal,1,0
2/6/15,Sierra Leone,10792,3301
2/6/15,Liberia,8745,3746
2/6/15,United States of America,4,1
2/6/15,United Kingdom,1,0
2/6/15,Guinea,2988,1957
2/10/15,Guinea,3044,1995
2/10/15,Spain,1,0
2/10/15,Mali,8,6
2/10/15,United States of America,4,1
2/10/15,Liberia,8881,3826
2/10/15,Senegal,1,0
2/10/15,Sierra Leone,10934,3341
2/10/15,United Kingdom,1,0
2/10/15,Nigeria,20,8
2/11/15,United States of America,4,1
2/11/15,Nigeria,20,8
2/11/15,Sierra Leone,10934,3341
2/11/15,Guinea,3044,1995
2/11/15,Senegal,1,0
2/11/15,Liberia,8881,3826
2/11/15,Mali,8,6
2/11/15,Spain,1,0
2/11/15,United Kingdom,1,0
2/12/15,Guinea,3068,2018
2/12/15,Sierra Leone,10954,3350
2/12/15,Liberia,8881,3826
2/12/15,Nigeria,20,8
2/12/15,United Kingdom,1,0
2/12/15,Mali,8,6
2/12/15,Senegal,1,0
2/12/15,Spain,1,0
2/12/15,United States of America,4,1
2/13/15,Sierra Leone,10987,3363
2/13/15,Senegal,1,0
2/13/15,Spain,1,0
2/13/15,Mali,8,6
2/13/15,Guinea,3081,2032
2/13/15,United Kingdom,1,0
2/13/15,United States of America,4,1
2/13/15,Liberia,8931,3858
2/13/15,Nigeria,20,8
2/16/15,Liberia,9007,3900
2/16/15,United States of America,4,1
2/16/15,Mali,8,6
2/16/15,United Kingdom,1,0
2/16/15,Guinea,3101,2052
2/16/15,Senegal,1,0
2/16/15,Spain,1,0
2/16/15,Sierra Leone,11074,3401
2/16/15,Nigeria,20,8
2/17/15,Nigeria,20,8
2/17/15,Liberia,9007,3900
2/17/15,United States of America,4,1
2/17/15,Guinea,3108,2057
2/17/15,Sierra Leone,11103,3408
2/17/15,Spain,1,0
2/17/15,Mali,8,6
2/17/15,United Kingdom,1,0
2/17/15,Senegal,1,0
2/18/15,Sierra Leone,11103,3408
2/18/15,United Kingdom,1,0
2/18/15,Nigeria,20,8
2/18/15,Spain,1,0
2/18/15,Mali,8,6
2/18/15,Liberia,9007,3900
2/18/15,Senegal,1,0
2/18/15,Guinea,3108,2057
2/18/15,United States of America,4,1
2/19/15,Nigeria,20,8
2/19/15,United States of America,4,1
2/19/15,Liberia,9096,3947
2/19/15,Senegal,1,0
2/19/15,Sierra Leone,11155,3423
2/19/15,Spain,1,0
2/19/15,Mali,8,6
2/19/15,Guinea,3115,2067
2/19/15,United Kingdom,1,0
2/20/15,United Kingdom,1,0
2/20/15,Liberia,9096,3947
2/20/15,Guinea,3120,2072
2/20/15,United States of America,4,1
2/20/15,Nigeria,20,8
2/20/15,Sierra Leone,11155,3423
2/20/15,Mali,8,6
2/20/15,Spain,1,0
2/20/15,Senegal,1,0
2/23/15,Liberia,9229,4032
2/23/15,Senegal,1,0
2/23/15,Spain,1,0
2/23/15,United Kingdom,1,0
2/23/15,Mali,8,6
2/23/15,Sierra Leone,11155,3423
2/23/15,Nigeria,20,8
2/23/15,Guinea,3155,2086
2/23/15,United States of America,4,1
2/25/15,United Kingdom,1,0
2/25/15,Sierra Leone,11301,3461
2/25/15,Liberia,9238,4037
2/25/15,Nigeria,20,8
2/25/15,Mali,8,6
2/25/15,United States of America,4,1
2/25/15,Guinea,3155,2091
2/25/15,Senegal,1,0
2/25/15,Spain,1,0
2/26/15,Mali,8,6
2/26/15,Senegal,1,0
2/26/15,Guinea,3175,2101
2/26/15,Sierra Leone,11341,3479
2/26/15,United Kingdom,1,0
2/26/15,United States of America,4,1
2/26/15,Liberia,9265,4057
2/26/15,Nigeria,20,8
2/26/15,Spain,1,0
2/27/15,Sierra Leone,11370,3490
2/27/15,Mali,8,6
2/27/15,Nigeria,20,8
2/27/15,United States of America,4,1
2/27/15,Guinea,3190,2113
2/27/15,United Kingdom,1,0
2/27/15,Senegal,1,0
2/27/15,Spain,1,0
2/27/15,Liberia,9265,4057
3/2/15,Guinea,3205,2127
3/2/15,United Kingdom,1,0
3/2/15,Sierra Leone,11443,3530
3/2/15,Spain,1,0
3/2/15,Nigeria,20,8
3/2/15,Mali,8,6
3/2/15,Liberia,9265,4057
3/2/15,United States of America,4,1
3/2/15,Senegal,1,0
3/4/15,Liberia,9265,4057
3/4/15,Nigeria,20,8
3/4/15,Senegal,1,0
3/4/15,United States of America,4,1
3/4/15,Mali,8,6
3/4/15,Spain,1,0
3/4/15,Sierra Leone,11443,3530
3/4/15,Guinea,3205,2127
3/4/15,United Kingdom,1,0
3/5/15,Nigeria,20,8
3/5/15,United Kingdom,1,0
3/5/15,Guinea,3237,2141
3/5/15,Spain,1,0
3/5/15,Liberia,9249,4117
3/5/15,Senegal,1,0
3/5/15,Mali,8,6
3/5/15,Sierra Leone,11497,3565
3/5/15,United States of America,4,1
3/6/15,United States of America,4,1
3/6/15,Mali,8,6
3/6/15,Nigeria,20,8
3/6/15,Liberia,9249,4117
3/6/15,Sierra Leone,11517,3576
3/6/15,Guinea,3248,2147
3/6/15,Spain,1,0
3/6/15,Senegal,1,0
3/6/15,United Kingdom,1,0
3/10/15,Guinea,3285,2170
3/10/15,Mali,8,6
3/10/15,Sierra Leone,11619,3629
3/10/15,Spain,1,0
3/10/15,United States of America,4,1
3/10/15,United Kingdom,1,0
3/10/15,Liberia,9343,4162
3/10/15,Senegal,1,0
3/10/15,Nigeria,20,8
3/11/15,Guinea,3285,2170
3/11/15,United States of America,4,1
3/11/15,United Kingdom,1,0
3/11/15,Mali,8,6
3/11/15,Senegal,1,0
3/11/15,Nigeria,20,8
3/11/15,Liberia,9343,4162
3/11/15,Spain,1,0
3/11/15,Sierra Leone,11619,3629
3/12/15,Nigeria,20,8
3/12/15,Spain,1,0
3/12/15,United Kingdom,1,0
3/12/15,United States of America,4,1
3/12/15,Sierra Leone,11677,3655
3/12/15,Liberia,9343,4162
3/12/15,Guinea,3330,2187
3/12/15,Senegal,1,0
3/12/15,Mali,8,6
3/13/15,Spain,1,0
3/13/15,Liberia,9482,4241
3/13/15,Sierra Leone,11696,3663
3/13/15,United States of America,4,1
3/13/15,Guinea,3331,2192
3/13/15,United Kingdom,1,0
3/13/15,Nigeria,20,8
3/13/15,Senegal,1,0
3/13/15,Mali,8,6
3/16/15,Mali,8,6
3/16/15,Guinea,3373,2216
3/16/15,Sierra Leone,11742,3687
3/16/15,Senegal,1,0
3/16/15,Nigeria,20,8
3/16/15,Spain,1,0
3/16/15,United States of America,4,1
3/16/15,Liberia,9482,4241
3/16/15,United Kingdom,1,0
3/17/15,Guinea,3389,2224
3/17/15,Mali,8,6
3/17/15,Nigeria,20,8
3/17/15,Senegal,1,0
3/17/15,Sierra Leone,11751,3691
3/17/15,Liberia,9526,4264
3/17/15,Spain,1,0
3/17/15,United Kingdom,1,0
3/17/15,United States of America,4,1
3/18/15,Liberia,9526,4264
3/18/15,Sierra Leone,11751,3691
3/18/15,Spain,1,0
3/18/15,Guinea,3389,2224
3/18/15,United Kingdom,1,0
3/18/15,Nigeria,20,8
3/18/15,Senegal,1,0
3/18/15,Mali,8,6
3/18/15,United States of America,4,1
3/20/15,United Kingdom,1,0
3/20/15,Guinea,3404,2241
3/20/15,Sierra Leone,11794,3712
3/20/15,United States of America,4,1
3/20/15,Nigeria,20,8
3/20/15,Senegal,1,0
3/20/15,Spain,1,0
3/20/15,Mali,8,6
3/20/15,Liberia,9555,4283
3/23/15,United States of America,4,1
3/23/15,Senegal,1,0
3/23/15,Liberia,9593,4296
3/23/15,Mali,8,6
3/23/15,Sierra Leone,11829,3742
3/23/15,United Kingdom,1,0
3/23/15,Guinea,3420,2261
3/23/15,Spain,1,0
3/23/15,Nigeria,20,8
3/24/15,Senegal,1,0
3/24/15,Sierra Leone,11841,3747
3/24/15,Guinea,3429,2263
3/24/15,Spain,1,0
3/24/15,Nigeria,20,8
3/24/15,Mali,8,6
3/24/15,United Kingdom,1,0
3/24/15,United States of America,4,1
3/24/15,Liberia,9602,4301
3/25/15,Senegal,1,0
3/25/15,Liberia,9602,4301
3/25/15,Spain,1,0
3/25/15,Mali,8,6
3/25/15,Sierra Leone,11841,3747
3/25/15,United Kingdom,1,0
3/25/15,Guinea,3429,2263
3/25/15,Nigeria,20,8
3/25/15,United States of America,4,1
3/26/15,Spain,1,0
3/26/15,Guinea,3459,2273
3/26/15,Senegal,1,0
3/26/15,Sierra Leone,11866,3764
3/26/15,Liberia,9602,4301
3/26/15,Mali,8,6
3/26/15,Nigeria,20,8
3/26/15,United Kingdom,1,0
3/26/15,United States of America,4,1
3/27/15,Liberia,9602,4301
3/27/15,Spain,1,0
3/27/15,Mali,8,6
3/27/15,Nigeria,20,8
3/27/15,Senegal,1,0
3/27/15,United Kingdom,1,0
3/27/15,United States of America,4,1
3/27/15,Guinea,3466,2276
3/27/15,Sierra Leone,11889,3773
4/7/15,Spain,1,0
4/7/15,Mali,8,6
4/7/15,Senegal,1,0
4/7/15,Nigeria,20,8
4/7/15,Guinea,3515,2333
4/7/15,United Kingdom,1,0
4/7/15,Liberia,9862,4408
4/7/15,United States of America,4,1
4/7/15,Sierra Leone,12139,3832
4/9/15,Liberia,9862,4408
4/9/15,United Kingdom,1,0
4/9/15,United States of America,4,1
4/9/15,Mali,8,6
4/9/15,Senegal,1,0
4/9/15,Spain,1,0
4/9/15,Nigeria,20,8
4/9/15,Guinea,3515,2335
4/9/15,Sierra Leone,12155,3841
4/13/15,Sierra Leone,12188,3854
4/13/15,Senegal,1,0
4/13/15,Liberia,9862,4408
4/13/15,Mali,8,6
4/13/15,United States of America,4,1
4/13/15,Nigeria,20,8
4/13/15,Spain,1,0
4/13/15,United Kingdom,1,0
4/13/15,Guinea,3541,2342
4/14/15,Sierra Leone,12201,3857
4/14/15,United Kingdom,1,0
4/14/15,United States of America,4,1
4/14/15,Nigeria,20,8
4/14/15,Mali,8,6
4/14/15,Guinea,3548,2346
4/14/15,Liberia,9862,4408
4/14/15,Senegal,1,0
4/14/15,Spain,1,0
4/15/15,Mali,8,6
4/15/15,Sierra Leone,12201,3857
4/15/15,Liberia,10042,4486
4/15/15,Senegal,1,0
4/15/15,Guinea,3548,2346
4/15/15,United States of America,4,1
4/15/15,Spain,1,0
4/15/15,Nigeria,20,8
4/15/15,United Kingdom,1,0
4/16/15,Spain,1,0
4/16/15,United States of America,4,1
4/16/15,Mali,8,6
4/16/15,Sierra Leone,12223,3865
4/16/15,Nigeria,20,8
4/16/15,United Kingdom,1,0
4/16/15,Senegal,1,0
4/16/15,Liberia,10042,4486
4/16/15,Guinea,3566,2348
4/17/15,Guinea,3569,2351
4/17/15,Nigeria,20,8
4/17/15,United States of America,4,1
4/17/15,United Kingdom,1,0
4/17/15,Senegal,1,0
4/17/15,Liberia,10042,4486
4/17/15,Spain,1,0
4/17/15,Mali,8,6
4/17/15,Sierra Leone,12244,3865
4/20/15,United Kingdom,1,0
4/20/15,Mali,8,6
4/20/15,Sierra Leone,12256,3872
4/20/15,Senegal,1,0
4/20/15,Guinea,3565,2357
4/20/15,Liberia,10042,4486
4/20/15,Nigeria,20,8
4/20/15,Spain,1,0
4/20/15,United States of America,4,1
4/21/15,Spain,1,0
4/21/15,Liberia,10042,4486
4/21/15,Nigeria,20,8
4/21/15,Mali,8,6
4/21/15,Senegal,1,0
4/21/15,United States of America,4,1
4/21/15,Guinea,3565,2358
4/21/15,United Kingdom,1,0
4/21/15,Sierra Leone,12265,3877
4/22/15,United Kingdom,1,0
4/22/15,Spain,1,0
4/22/15,Sierra Leone,12267,3877
4/22/15,Mali,8,6
4/22/15,United States of America,4,1
4/22/15,Guinea,3565,2358
4/22/15,Senegal,1,0
4/22/15,Liberia,10212,4573
4/22/15,Nigeria,20,8
4/23/15,Mali,8,6
4/23/15,United Kingdom,1,0
4/23/15,Liberia,10212,4573
4/23/15,Guinea,3568,2362
4/23/15,Nigeria,20,8
4/23/15,Spain,1,0
4/23/15,Sierra Leone,12294,3885
4/23/15,United States of America,4,1
4/23/15,Senegal,1,0
4/24/15,Spain,1,0
4/24/15,United Kingdom,1,0
4/24/15,Mali,8,6
4/24/15,Nigeria,20,8
4/24/15,United States of America,4,1
4/24/15,Liberia,10212,4573
4/24/15,Guinea,3576,2365
4/24/15,Sierra Leone,12313,3886
4/24/15,Senegal,1,0
4/27/15,United Kingdom,1,0
4/27/15,Spain,1,0
4/27/15,Mali,8,6
4/27/15,Liberia,10212,4573
4/27/15,Nigeria,20,8
4/27/15,United States of America,4,1
4/27/15,Sierra Leone,12362,3895
4/27/15,Guinea,3585,2374
4/27/15,Senegal,1,0
4/28/15,Sierra Leone,12371,3899
4/28/15,Nigeria,20,8
4/28/15,Guinea,3584,2377
4/28/15,Senegal,1,0
4/28/15,United Kingdom,1,0
4/28/15,Spain,1,0
4/28/15,United States of America,4,1
4/28/15,Liberia,10322,4608
4/28/15,Mali,8,6
4/30/15,Senegal,1,0
4/30/15,Guinea,3581,2381
4/30/15,United States of America,4,1
4/30/15,Spain,1,0
4/30/15,United Kingdom,1,0
4/30/15,Nigeria,20,8
4/30/15,Mali,8,6
4/30/15,Sierra Leone,12387,3901
4/30/15,Liberia,10322,4608
5/1/15,Sierra Leone,12398,3901
5/1/15,Mali,8,6
5/1/15,Nigeria,20,8
5/1/15,United States of America,4,1
5/1/15,Guinea,3578,2383
5/1/15,Senegal,1,0
5/1/15,Liberia,10322,4608
5/1/15,United Kingdom,1,0
5/1/15,Spain,1,0
5/4/15,United Kingdom,1,0
5/4/15,Sierra Leone,12426,3902
5/4/15,Liberia,10322,4608
5/4/15,Mali,8,6
5/4/15,Nigeria,20,8
5/4/15,United States of America,4,1
5/4/15,Spain,1,0
5/4/15,Senegal,1,0
5/4/15,Guinea,3591,2385
5/5/15,Mali,8,6
5/5/15,Spain,1,0
5/5/15,Liberia,10507,4691
5/5/15,United States of America,4,1
5/5/15,Nigeria,20,8
5/5/15,Sierra Leone,12440,3903
5/5/15,United Kingdom,1,0
5/5/15,Senegal,1,0
5/5/15,Guinea,3589,2386
5/6/15,Guinea,3589,2386
5/6/15,Liberia,10564,4716
5/6/15,United Kingdom,1,0
5/6/15,Nigeria,20,8
5/6/15,Mali,8,6
5/6/15,United States of America,4,1
5/6/15,Sierra Leone,12440,3903
5/6/15,Senegal,1,0
5/6/15,Spain,1,0
5/7/15,Liberia,10564,4716
5/7/15,Spain,1,0
5/7/15,Mali,8,6
5/7/15,Sierra Leone,12470,3904
5/7/15,United States of America,4,1
5/7/15,United Kingdom,1,0
5/7/15,Senegal,1,0
5/7/15,Guinea,3592,2387
5/7/15,Nigeria,20,8
5/8/15,Senegal,1,0
5/8/15,Spain,1,0
5/8/15,Sierra Leone,12492,3904
5/8/15,United States of America,4,1
5/8/15,Nigeria,20,8
5/8/15,Liberia,10564,4716
5/8/15,United Kingdom,1,0
5/8/15,Mali,8,6
5/8/15,Guinea,3592,2387
5/11/15,United Kingdom,1,0
5/11/15,Guinea,3599,2391
5/11/15,Senegal,1,0
5/11/15,United States of America,4,1
5/11/15,Spain,1,0
5/11/15,Mali,8,6
5/11/15,Liberia,10604,4769
5/11/15,Nigeria,20,8
5/11/15,Sierra Leone,12519,3904
5/12/15,Senegal,1,0
5/12/15,Mali,8,6
5/12/15,Liberia,10604,4769
5/12/15,United States of America,4,1
5/12/15,United Kingdom,1,0
5/12/15,Sierra Leone,12523,3904
5/12/15,Nigeria,20,8
5/12/15,Guinea,3597,2392
5/12/15,Spain,1,0
5/13/15,Sierra Leone,12519,3904
5/13/15,United Kingdom,1,0
5/13/15,Senegal,1,0
5/13/15,Nigeria,20,8
5/13/15,Spain,1,0
5/13/15,Liberia,10604,4769
5/13/15,Mali,8,6
5/13/15,Guinea,3599,2391
5/13/15,United States of America,4,1
5/14/15,Nigeria,20,8
5/14/15,Spain,1,0
5/14/15,Liberia,10604,4769
5/14/15,United States of America,4,1
5/14/15,Mali,8,6
5/14/15,Guinea,3615,2399
5/14/15,Senegal,1,0
5/14/15,United Kingdom,1,0
5/14/15,Sierra Leone,12536,3904
5/14/15,Italy,1,0
5/15/15,Mali,8,6
5/15/15,Guinea,3619,2401
5/15/15,Sierra Leone,12540,3904
5/15/15,Nigeria,20,8
5/15/15,United Kingdom,1,0
5/15/15,Italy,1,0
5/15/15,Spain,1,0
5/15/15,United States of America,4,1
5/15/15,Senegal,1,0
5/15/15,Liberia,10604,4769
5/18/15,Nigeria,20,8
5/18/15,Spain,1,0
5/18/15,Sierra Leone,12593,3906
5/18/15,United Kingdom,1,0
5/18/15,Liberia,10666,4806
5/18/15,Senegal,1,0
5/18/15,Italy,1,0
5/18/15,Mali,8,6
5/18/15,United States of America,4,1
5/18/15,Guinea,3626,2405
5/19/15,Mali,8,6
5/19/15,Italy,1,0
5/19/15,Guinea,3635,2407
5/19/15,Sierra Leone,12632,3907
5/19/15,Spain,1,0
5/19/15,Nigeria,20,8
5/19/15,United Kingdom,1,0
5/19/15,United States of America,4,1
5/19/15,Liberia,10666,4806
5/19/15,Senegal,1,0
5/20/15,Spain,1,0
5/20/15,United Kingdom,1,0
5/20/15,Sierra Leone,12632,3907
5/20/15,Senegal,1,0
5/20/15,Nigeria,20,8
5/20/15,Italy,1,0
5/20/15,Guinea,3635,2407
5/20/15,Mali,8,6
5/20/15,Liberia,10666,4806
5/20/15,United States of America,4,1
5/21/15,Liberia,10666,4806
5/21/15,Italy,1,0
5/21/15,Spain,1,0
5/21/15,Sierra Leone,12656,3907
5/21/15,Nigeria,20,8
5/21/15,Senegal,1,0
5/21/15,Mali,8,6
5/21/15,United Kingdom,1,0
5/21/15,Guinea,3649,2409
5/21/15,United States of America,4,1
5/22/15,Spain,1,0
5/22/15,Mali,8,6
5/22/15,Liberia,10666,4806
5/22/15,Italy,1,0
5/22/15,United States of America,4,1
5/22/15,Sierra Leone,12666,3907
5/22/15,Guinea,3647,2412
5/22/15,Nigeria,20,8
5/22/15,United Kingdom,1,0
5/22/15,Senegal,1,0
5/25/15,Nigeria,20,8
5/25/15,Italy,1,0
5/25/15,United Kingdom,1,0
5/25/15,United States of America,4,1
5/25/15,Mali,8,6
5/25/15,Spain,1,0
5/25/15,Senegal,1,0
5/25/15,Liberia,10666,4806
5/25/15,Guinea,3640,2418
5/25/15,Sierra Leone,12696,3908
5/26/15,Nigeria,20,8
5/26/15,Senegal,1,0
5/26/15,Guinea,3641,2420
5/26/15,Mali,8,6
5/26/15,Italy,1,0
5/26/15,Spain,1,0
5/26/15,Sierra Leone,12706,3908
5/26/15,United Kingdom,1,0
5/26/15,Liberia,10666,4806
5/26/15,United States of America,4,1
5/27/15,Mali,8,6
5/27/15,Italy,1,0
5/27/15,Guinea,3641,2420
5/27/15,Nigeria,20,8
5/27/15,Sierra Leone,12706,3908
5/27/15,United States of America,4,1
5/27/15,Liberia,10666,4806
5/27/15,Spain,1,0
5/27/15,United Kingdom,1,0
5/27/15,Senegal,1,0
5/28/15,Italy,1,0
5/28/15,Mali,8,6
5/28/15,United States of America,4,1
5/28/15,Liberia,10666,4806
5/28/15,Spain,1,0
5/28/15,Senegal,1,0
5/28/15,Nigeria,20,8
5/28/15,Guinea,3639,2423
5/28/15,United Kingdom,1,0
5/28/15,Sierra Leone,12735,3911
5/29/15,Guinea,3644,2425
5/29/15,United Kingdom,1,0
5/29/15,Liberia,10666,4806
5/29/15,United States of America,4,1
5/29/15,Italy,1,0
5/29/15,Sierra Leone,12745,3911
5/29/15,Nigeria,20,8
5/29/15,Spain,1,0
5/29/15,Senegal,1,0
5/29/15,Mali,8,6
6/1/15,United Kingdom,1,0
6/1/15,United States of America,4,1
6/1/15,Sierra Leone,12816,3911
6/1/15,Nigeria,20,8
6/1/15,Spain,1,0
6/1/15,Senegal,1,0
6/1/15,Italy,1,0
6/1/15,Guinea,3653,2428
6/1/15,Liberia,10666,4806
6/1/15,Mali,8,6
6/2/15,Sierra Leone,12827,3912
6/2/15,Nigeria,20,8
6/2/15,Senegal,1,0
6/2/15,Guinea,3652,2429
6/2/15,Mali,8,6
6/2/15,United States of America,4,1
6/2/15,Liberia,10666,4806
6/2/15,Spain,1,0
6/2/15,Italy,1,0
6/2/15,United Kingdom,1,0
6/3/15,United States of America,4,1
6/3/15,United Kingdom,1,0
6/3/15,Senegal,1,0
6/3/15,Nigeria,20,8
6/3/15,Sierra Leone,12827,3912
6/3/15,Italy,1,0
6/3/15,Guinea,3652,2429
6/3/15,Spain,1,0
6/3/15,Mali,8,6
6/3/15,Liberia,10666,4806
6/4/15,Guinea,3657,2431
6/4/15,Sierra Leone,12850,3912
6/4/15,United States of America,4,1
6/4/15,Spain,1,0
6/4/15,Mali,8,6
6/4/15,Senegal,1,0
6/4/15,Liberia,10666,4806
6/4/15,Nigeria,20,8
6/4/15,United Kingdom,1,0
6/4/15,Italy,1,0
6/5/15,United Kingdom,1,0
6/5/15,Guinea,3664,2431
6/5/15,Italy,1,0
6/5/15,United States of America,4,1
6/5/15,Spain,1,0
6/5/15,Senegal,1,0
6/5/15,Liberia,10666,4806
6/5/15,Nigeria,20,8
6/5/15,Mali,8,6
6/5/15,Sierra Leone,12859,3912
6/8/15,Senegal,1,0
6/8/15,Nigeria,20,8
6/8/15,Sierra Leone,12884,3913
6/8/15,United States of America,4,1
6/8/15,Spain,1,0
6/8/15,Guinea,3669,2435
6/8/15,Liberia,10666,4806
6/8/15,Italy,1,0
6/8/15,Mali,8,6
6/8/15,United Kingdom,1,0
6/9/15,Sierra Leone,12901,3915
6/9/15,Spain,1,0
6/9/15,Liberia,10666,4806
6/9/15,United States of America,4,1
6/9/15,United Kingdom,1,0
6/9/15,Guinea,3670,2437
6/9/15,Mali,8,6
6/9/15,Nigeria,20,8
6/9/15,Senegal,1,0
6/9/15,Italy,1,0
6/10/15,Mali,8,6
6/10/15,United Kingdom,1,0
6/10/15,Senegal,1,0
6/10/15,Italy,1,0
6/10/15,Spain,1,0
6/10/15,United States of America,4,1
6/10/15,Liberia,10666,4806
6/10/15,Guinea,3670,2437
6/10/15,Nigeria,20,8
6/10/15,Sierra Leone,12901,3915
6/11/15,Italy,1,0
6/11/15,United States of America,4,1
6/11/15,Guinea,3674,2440
6/11/15,Spain,1,0
6/11/15,Mali,8,6
6/11/15,Nigeria,20,8
6/11/15,Senegal,1,0
6/11/15,Liberia,10666,4806
6/11/15,United Kingdom,1,0
6/11/15,Sierra Leone,12911,3917
6/12/15,Liberia,10666,4806
6/12/15,Guinea,3677,2440
6/12/15,Nigeria,20,8
6/12/15,Mali,8,6
6/12/15,Spain,1,0
6/12/15,United States of America,4,1
6/12/15,Sierra Leone,12932,3917
6/12/15,United Kingdom,1,0
6/12/15,Italy,1,0
6/12/15,Senegal,1,0
6/15/15,Spain,1,0
6/15/15,United States of America,4,1
6/15/15,Mali,8,6
6/15/15,Guinea,3677,2443
6/15/15,Liberia,10666,4806
6/15/15,Italy,1,0
6/15/15,Sierra Leone,12962,3919
6/15/15,Nigeria,20,8
6/15/15,United Kingdom,1,0
6/15/15,Senegal,1,0
6/16/15,Guinea,3678,2444
6/16/15,Liberia,10666,4806
6/16/15,Mali,8,6
6/16/15,United Kingdom,1,0
6/16/15,Sierra Leone,12965,3919
6/16/15,United States of America,4,1
6/16/15,Senegal,1,0
6/16/15,Italy,1,0
6/16/15,Nigeria,20,8
6/16/15,Spain,1,0
6/17/15,United States of America,4,1
6/17/15,Sierra Leone,12965,3919
6/17/15,Nigeria,20,8
6/17/15,United Kingdom,1,0
6/17/15,Italy,1,0
6/17/15,Senegal,1,0
6/17/15,Spain,1,0
6/17/15,Mali,8,6
6/17/15,Guinea,3674,2444
6/17/15,Liberia,10666,4806
6/18/15,Sierra Leone,12990,3922
6/18/15,Liberia,10666,4806
6/18/15,United States of America,4,1
6/18/15,Italy,1,0
6/18/15,Senegal,1,0
6/18/15,United Kingdom,1,0
6/18/15,Spain,1,0
6/18/15,Nigeria,20,8
6/18/15,Guinea,3675,2445
6/18/15,Mali,8,6
6/19/15,Mali,8,6
6/19/15,Sierra Leone,13012,3926
6/19/15,Nigeria,20,8
6/19/15,Spain,1,0
6/19/15,United States of America,4,1
6/19/15,Senegal,1,0
6/19/15,United Kingdom,1,0
6/19/15,Italy,1,0
6/19/15,Liberia,10666,4806
6/19/15,Guinea,3674,2446
6/22/15,Liberia,10666,4806
6/22/15,Spain,1,0
6/22/15,United Kingdom,1,0
6/22/15,Italy,1,0
6/22/15,Guinea,3698,2456
6/22/15,Sierra Leone,13051,3928
6/22/15,Mali,8,6
6/22/15,United States of America,4,1
6/22/15,Nigeria,20,8
6/22/15,Senegal,1,0
6/23/15,Italy,1,0
6/23/15,Sierra Leone,13059,3928
6/23/15,Liberia,10666,4806
6/23/15,United Kingdom,1,0
6/23/15,Nigeria,20,8
6/23/15,Senegal,1,0
6/23/15,United States of America,4,1
6/23/15,Spain,1,0
6/23/15,Mali,8,6
6/23/15,Guinea,3718,2473
6/24/15,United States of America,4,1
6/24/15,Sierra Leone,13059,3928
6/24/15,Senegal,1,0
6/24/15,United Kingdom,1,0
6/24/15,Guinea,3718,2473
6/24/15,Liberia,10666,4806
6/24/15,Mali,8,6
6/24/15,Italy,1,0
6/24/15,Nigeria,20,8
6/24/15,Spain,1,0
6/25/15,Nigeria,20,8
6/25/15,Sierra Leone,13083,3931
6/25/15,Senegal,1,0
6/25/15,Mali,8,6
6/25/15,Spain,1,0
6/25/15,United Kingdom,1,0
6/25/15,Liberia,10666,4806
6/25/15,United States of America,4,1
6/25/15,Guinea,3718,2480
6/25/15,Italy,1,0
6/26/15,Guinea,3720,2480
6/26/15,Spain,1,0
6/26/15,Senegal,1,0
6/26/15,Italy,1,0
6/26/15,Sierra Leone,13093,3931
6/26/15,Liberia,10666,4806
6/26/15,United Kingdom,1,0
6/26/15,Mali,8,6
6/26/15,Nigeria,20,8
6/26/15,United States of America,4,1
6/29/15,Senegal,1,0
6/29/15,United Kingdom,1,0
6/29/15,Nigeria,20,8
6/29/15,Guinea,3724,2482
6/29/15,Sierra Leone,13115,3932
6/29/15,Mali,8,6
6/29/15,Spain,1,0
6/29/15,Liberia,10666,4806
6/29/15,United States of America,4,1
6/29/15,Italy,1,0
6/30/15,United Kingdom,1,0
6/30/15,Mali,8,6
6/30/15,Liberia,10666,4806
6/30/15,Sierra Leone,13119,3932
6/30/15,Italy,1,0
6/30/15,Senegal,1,0
6/30/15,Guinea,3729,2482
6/30/15,Spain,1,0
6/30/15,Nigeria,20,8
6/30/15,United States of America,4,1
7/1/15,Sierra Leone,13119,3932
7/1/15,Senegal,1,0
7/1/15,Spain,1,0
7/1/15,United Kingdom,1,0
7/1/15,Guinea,3729,2482
7/1/15,Italy,1,0
7/1/15,Liberia,10666,4806
7/1/15,United States of America,4,1
7/1/15,Nigeria,20,8
7/1/15,Mali,8,6
7/2/15,Senegal,1,0
7/2/15,Italy,1,0
7/2/15,Liberia,10666,4806
7/2/15,Guinea,3745,2490
7/2/15,United States of America,4,1
7/2/15,Spain,1,0
7/2/15,Nigeria,20,8
7/2/15,Mali,8,6
7/2/15,Sierra Leone,13129,3933
7/2/15,United Kingdom,1,0
7/3/15,Liberia,10666,4806
7/3/15,United Kingdom,1,0
7/3/15,Nigeria,20,8
7/3/15,Senegal,1,0
7/3/15,United States of America,4,1
7/3/15,Guinea,3750,2492
7/3/15,Italy,1,0
7/3/15,Liberia,40,5
7/3/15,Spain,1,0
7/3/15,Mali,8,6
7/3/15,Sierra Leone,13135,3935
7/6/15,United Kingdom,1,0
7/6/15,Spain,1,0
7/6/15,Guinea,3744,2498
7/6/15,United States of America,4,1
7/6/15,Liberia,4,1
7/6/15,Nigeria,20,8
7/6/15,Mali,8,6
7/6/15,Sierra Leone,13150,3940
7/6/15,Senegal,1,0
7/6/15,Liberia,10666,4806
7/6/15,Italy,1,0
7/7/15,Italy,1,0
7/7/15,Spain,1,0
7/7/15,Liberia,4,1
7/7/15,Nigeria,20,8
7/7/15,United States of America,4,1
7/7/15,Sierra Leone,13155,3940
7/7/15,Senegal,1,0
7/7/15,Liberia,10666,4806
7/7/15,Guinea,3748,2499
7/7/15,Mali,8,6
7/7/15,United Kingdom,1,0
7/8/15,Nigeria,20,8
7/8/15,Liberia,4,1
7/8/15,United States of America,4,1
7/8/15,Spain,1,0
7/8/15,Sierra Leone,13155,3940
7/8/15,Mali,8,6
7/8/15,United Kingdom,1,0
7/8/15,Guinea,3748,2499
7/8/15,Italy,1,0
7/8/15,Senegal,1,0
7/8/15,Liberia,10666,4806
7/9/15,Liberia,10666,4806
7/9/15,Senegal,1,0
7/9/15,Nigeria,20,8
7/9/15,Liberia,6,1
7/9/15,United Kingdom,1,0
7/9/15,United States of America,4,1
7/9/15,Italy,1,0
7/9/15,Sierra Leone,13169,3941
7/9/15,Guinea,3744,2505
7/9/15,Mali,8,6
7/9/15,Spain,1,0
7/10/15,Senegal,1,0
7/10/15,Mali,8,6
7/10/15,Sierra Leone,13177,3941
7/10/15,Nigeria,20,8
7/10/15,Italy,1,0
7/10/15,Guinea,3751,2505
7/10/15,Liberia,6,1
7/10/15,Spain,1,0
7/10/15,United States of America,4,1
7/10/15,United Kingdom,1,0
7/10/15,Liberia,10666,4806
7/13/15,Nigeria,20,8
7/13/15,Liberia,10666,4806
7/13/15,Spain,1,0
7/13/15,Liberia,6,1
7/13/15,Senegal,1,0
7/13/15,Mali,8,6
7/13/15,United Kingdom,1,0
7/13/15,United States of America,4,1
7/13/15,Guinea,3754,2506
7/13/15,Italy,1,0
7/13/15,Sierra Leone,13201,3946
7/14/15,Senegal,1,0
7/14/15,United Kingdom,1,0
7/14/15,Liberia,7,2
7/14/15,Guinea,3760,2506
7/14/15,Spain,1,0
7/14/15,Liberia,10666,4806
7/14/15,Mali,8,6
7/14/15,Italy,1,0
7/14/15,United States of America,4,1
7/14/15,Sierra Leone,13209,3947
7/14/15,Nigeria,20,8
7/15/15,Spain,1,0
7/15/15,Nigeria,20,8
7/15/15,Italy,1,0
7/15/15,United Kingdom,1,0
7/15/15,United States of America,4,1
7/15/15,Guinea,3760,2506
7/15/15,Liberia,10666,4806
7/15/15,Liberia,7,2
7/15/15,Mali,8,6
7/15/15,Sierra Leone,13209,3947
7/15/15,Senegal,1,0
7/16/15,Mali,8,6
7/16/15,Italy,1,0
7/16/15,Guinea,3762,2506
7/16/15,Liberia,10666,4806
7/16/15,Spain,1,0
7/16/15,United Kingdom,1,0
7/16/15,Senegal,1,0
7/16/15,United States of America,4,1
7/16/15,Liberia,6,2
7/16/15,Sierra Leone,13209,3947
7/16/15,Nigeria,20,8
7/17/15,United States of America,4,1
7/17/15,Liberia,10666,4806
7/17/15,United Kingdom,1,0
7/17/15,Guinea,3770,2509
7/17/15,Italy,1,0
7/17/15,Nigeria,20,8
7/17/15,Liberia,7,2
7/17/15,Mali,8,6
7/17/15,Spain,1,0
7/17/15,Senegal,1,0
7/17/15,Sierra Leone,13209,3947
7/20/15,Nigeria,20,8
7/20/15,Liberia,10666,4806
7/20/15,Senegal,1,0
7/20/15,Guinea,3784,2511
7/20/15,United Kingdom,1,0
7/20/15,United States of America,4,1
7/20/15,Liberia,7,2
7/20/15,Italy,1,0
7/20/15,Sierra Leone,13241,3949
7/20/15,Mali,8,6
7/20/15,Spain,1,0
7/21/15,Liberia,7,2
7/21/15,Guinea,3783,2512
7/21/15,United States of America,4,1
7/21/15,Sierra Leone,13250,3949
7/21/15,United Kingdom,1,0
7/21/15,Spain,1,0
7/21/15,Liberia,10666,4806
7/21/15,Senegal,1,0
7/21/15,Mali,8,6
7/21/15,Nigeria,20,8
7/21/15,Italy,1,0
7/22/15,Sierra Leone,13250,3949
7/22/15,Spain,1,0
7/22/15,Guinea,3783,2512
7/22/15,Nigeria,20,8
7/22/15,Italy,1,0
7/22/15,Liberia,6,2
7/22/15,Senegal,1,0
7/22/15,United States of America,4,1
7/22/15,Liberia,10666,4806
7/22/15,Mali,8,6
7/22/15,United Kingdom,1,0
7/23/15,United States of America,4,1
7/23/15,Spain,1,0
7/23/15,Sierra Leone,13262,3949
7/23/15,Guinea,3788,2516
7/23/15,Liberia,10666,4806
7/23/15,United Kingdom,1,0
7/23/15,Nigeria,20,8
7/23/15,Mali,8,6
7/23/15,Senegal,1,0
7/23/15,Liberia,7,2
7/23/15,Italy,1,0
7/24/15,United States of America,4,1
7/24/15,Liberia,7,2
7/24/15,Mali,8,6
7/24/15,Liberia,10666,4806
7/24/15,Sierra Leone,13264,3949
7/24/15,Italy,1,0
7/24/15,Senegal,1,0
7/24/15,Guinea,3787,2517
7/24/15,Nigeria,20,8
7/24/15,Spain,1,0
7/24/15,United Kingdom,1,0
7/27/15,Spain,1,0
7/27/15,Mali,8,6
7/27/15,Senegal,1,0
7/27/15,Nigeria,20,8
7/27/15,Liberia,10666,4806
7/27/15,United States of America,4,1
7/27/15,Guinea,3792,2519
7/27/15,United Kingdom,1,0
7/27/15,Italy,1,0
7/27/15,Liberia,7,2
7/27/15,Sierra Leone,13283,3951
7/28/15,United States of America,4,1
7/28/15,Spain,1,0
7/28/15,Mali,8,6
7/28/15,United Kingdom,1,0
7/28/15,Sierra Leone,13290,3951
7/28/15,Guinea,3786,2520
7/28/15,Nigeria,20,8
7/28/15,Senegal,1,0
7/28/15,Italy,1,0
7/28/15,Liberia,10666,4806
7/28/15,Liberia,7,2
7/29/15,Nigeria,20,8
7/29/15,Sierra Leone,13290,3951
7/29/15,Liberia,10666,4806
7/29/15,United States of America,4,1
7/29/15,Senegal,1,0
7/29/15,Liberia,6,2
7/29/15,Spain,1,0
7/29/15,Mali,8,6
7/29/15,United Kingdom,1,0
7/29/15,Italy,1,0
7/29/15,Guinea,3786,2520
7/30/15,Guinea,3785,2521
7/30/15,Senegal,1,0
7/30/15,Spain,1,0
7/30/15,Mali,8,6
7/30/15,Sierra Leone,13379,3951
7/30/15,Nigeria,20,8
7/30/15,Italy,1,0
7/30/15,United States of America,4,1
7/30/15,Liberia,6,2
7/30/15,United Kingdom,1,0
7/30/15,Liberia,10666,4806
7/31/15,Nigeria,20,8
7/31/15,Senegal,1,0
7/31/15,United States of America,4,1
7/31/15,Liberia,6,2
7/31/15,Sierra Leone,13387,3951
7/31/15,United Kingdom,1,0
7/31/15,Guinea,3781,2521
7/31/15,Spain,1,0
7/31/15,Italy,1,0
7/31/15,Liberia,10666,4806
7/31/15,Mali,8,6
8/3/15,United Kingdom,1,0
8/3/15,Liberia,6,2
8/3/15,Sierra Leone,13402,3951
8/3/15,Italy,1,0
8/3/15,United States of America,4,1
8/3/15,Nigeria,20,8
8/3/15,Liberia,10666,4806
8/3/15,Guinea,3786,2522
8/3/15,Spain,1,0
8/3/15,Senegal,1,0
8/3/15,Mali,8,6
8/4/15,Spain,1,0
8/4/15,Sierra Leone,13406,3951
8/4/15,Liberia,10666,4806
8/4/15,United Kingdom,1,0
8/4/15,Italy,1,0
8/4/15,United States of America,4,1
8/4/15,Senegal,1,0
8/4/15,Mali,8,6
8/4/15,Nigeria,20,8
8/4/15,Guinea,3784,2522
8/4/15,Liberia,6,2
8/5/15,Guinea,3784,2522
8/5/15,Spain,1,0
8/5/15,Mali,8,6
8/5/15,Sierra Leone,13406,3951
8/5/15,Liberia,10666,4806
8/5/15,Italy,1,0
8/5/15,Senegal,1,0
8/5/15,Liberia,6,2
8/5/15,United States of America,4,1
8/5/15,United Kingdom,1,0
8/5/15,Nigeria,20,8
8/6/15,Spain,1,0
8/6/15,Guinea,3792,2524
8/6/15,Senegal,1,0
8/6/15,Mali,8,6
8/6/15,Nigeria,20,8
8/6/15,United Kingdom,1,0
8/6/15,Sierra Leone,13426,3951
8/6/15,Liberia,10666,4806
8/6/15,Liberia,6,2
8/6/15,United States of America,4,1
8/6/15,Italy,1,0
8/7/15,Liberia,6,2
8/7/15,Spain,1,0
8/7/15,Sierra Leone,13428,3951
8/7/15,United States of America,4,1
8/7/15,Liberia,10666,4806
8/7/15,Guinea,3795,2524
8/7/15,Senegal,1,0
8/7/15,United Kingdom,1,0
8/7/15,Nigeria,20,8
8/7/15,Italy,1,0
8/7/15,Mali,8,6
8/10/15,Liberia,6,2
8/10/15,United Kingdom,1,0
8/10/15,Sierra Leone,13465,3951
8/10/15,Senegal,1,0
8/10/15,Liberia,10666,4806
8/10/15,Spain,1,0
8/10/15,Guinea,3791,2524
8/10/15,Mali,8,6
8/10/15,United States of America,4,1
8/10/15,Italy,1,0
8/10/15,Nigeria,20,8
8/11/15,Spain,1,0
8/11/15,Guinea,3787,2524
8/11/15,Italy,1,0
8/11/15,Liberia,6,2
8/11/15,United States of America,4,1
8/11/15,Sierra Leone,13470,3951
8/11/15,Senegal,1,0
8/11/15,Nigeria,20,8
8/11/15,United Kingdom,1,0
8/11/15,Mali,8,6
8/11/15,Liberia,10666,4806
8/12/15,Liberia,6,2
8/12/15,Spain,1,0
8/12/15,United Kingdom,1,0
8/12/15,Nigeria,20,8
8/12/15,United States of America,4,1
8/12/15,Italy,1,0
8/12/15,Mali,8,6
8/12/15,Liberia,10666,4806
8/12/15,Senegal,1,0
8/12/15,Guinea,3787,2524
8/12/15,Sierra Leone,13470,3951
8/13/15,Senegal,1,0
8/13/15,Guinea,3792,2524
8/13/15,Sierra Leone,13484,3951
8/13/15,Italy,1,0
8/13/15,Spain,1,0
8/13/15,United Kingdom,1,0
8/13/15,Mali,8,6
8/13/15,United States of America,4,1
8/13/15,Nigeria,20,8
8/13/15,Liberia,6,2
8/13/15,Liberia,10666,4806
8/14/15,Senegal,1,0
8/14/15,Mali,8,6
8/14/15,Spain,1,0
8/14/15,Nigeria,20,8
8/14/15,United States of America,4,1
8/14/15,Italy,1,0
8/14/15,Guinea,3791,2524
8/14/15,Sierra Leone,13485,3952
8/14/15,Liberia,6,2
8/14/15,Liberia,10666,4806
8/14/15,United Kingdom,1,0
8/17/15,Guinea,3790,2524
8/17/15,Senegal,1,0
8/17/15,Liberia,6,2
8/17/15,Spain,1,0
8/17/15,Sierra Leone,13489,3952
8/17/15,Italy,1,0
8/17/15,United States of America,4,1
8/17/15,Nigeria,20,8
8/17/15,Liberia,10666,4806
8/17/15,Mali,8,6
8/17/15,United Kingdom,1,0
8/18/15,United Kingdom,1,0
8/18/15,Spain,1,0
8/18/15,Sierra Leone,13494,3952
8/18/15,Italy,1,0
8/18/15,Liberia,10666,4806
8/18/15,Guinea,3786,2524
8/18/15,United States of America,4,1
8/18/15,Senegal,1,0
8/18/15,Nigeria,20,8
8/18/15,Liberia,6,2
8/18/15,Mali,8,6
8/19/15,Liberia,6,2
8/19/15,Italy,1,0
8/19/15,Senegal,1,0
8/19/15,Nigeria,20,8
8/19/15,Spain,1,0
8/19/15,Guinea,3786,2524
8/19/15,United Kingdom,1,0
8/19/15,Mali,8,6
8/19/15,Sierra Leone,13494,3952
8/19/15,Liberia,10666,4806
8/19/15,United States of America,4,1
8/20/15,Senegal,1,0
8/20/15,Guinea,3792,2526
8/20/15,Liberia,10666,4806
8/20/15,Spain,1,0
8/20/15,Mali,8,6
8/20/15,Nigeria,20,8
8/20/15,United Kingdom,1,0
8/20/15,Italy,1,0
8/20/15,Sierra Leone,13518,3952
8/20/15,United States of America,4,1
8/20/15,Liberia,6,2
8/21/15,Senegal,1,0
8/21/15,Italy,1,0
8/21/15,Liberia,6,2
8/21/15,Spain,1,0
8/21/15,United States of America,4,1
8/21/15,Guinea,3795,2526
8/21/15,Liberia,10666,4806
8/21/15,Nigeria,20,8
8/21/15,Mali,8,6
8/21/15,Sierra Leone,13533,3952
8/21/15,United Kingdom,1,0
8/24/15,Liberia,6,2
8/24/15,Senegal,1,0
8/24/15,Guinea,3790,2527
8/24/15,United Kingdom,1,0
8/24/15,Mali,8,6
8/24/15,Spain,1,0
8/24/15,Nigeria,20,8
8/24/15,Italy,1,0
8/24/15,United States of America,4,1
8/24/15,Liberia,10666,4806
8/24/15,Sierra Leone,13538,3952
8/25/15,Italy,1,0
8/25/15,Senegal,1,0
8/25/15,United States of America,4,1
8/25/15,Liberia,10666,4806
8/25/15,Liberia,6,2
8/25/15,Spain,1,0
8/25/15,Sierra Leone,13541,3952
8/25/15,Mali,8,6
8/25/15,Nigeria,20,8
8/25/15,Guinea,3792,2527
8/25/15,United Kingdom,1,0
8/26/15,Liberia,6,2
8/26/15,Mali,8,6
8/26/15,United States of America,4,1
8/26/15,Italy,1,0
8/26/15,Nigeria,20,8
8/26/15,Sierra Leone,13541,3952
8/26/15,Spain,1,0
8/26/15,Guinea,3792,2527
8/26/15,United Kingdom,1,0
8/26/15,Senegal,1,0
8/26/15,Liberia,10666,4806
8/27/15,Liberia,6,2
8/27/15,Mali,8,6
8/27/15,Nigeria,20,8
8/27/15,Guinea,3797,2528
8/27/15,Italy,1,0
8/27/15,Spain,1,0
8/27/15,Sierra Leone,13582,3952
8/27/15,Liberia,10666,4806
8/27/15,United Kingdom,1,0
8/27/15,Senegal,1,0
8/27/15,United States of America,4,1
8/28/15,Liberia,10666,4806
8/28/15,Mali,8,6
8/28/15,United States of America,4,1
8/28/15,Spain,1,0
8/28/15,Senegal,1,0
8/28/15,Liberia,6,2
8/28/15,Nigeria,20,8
8/28/15,Italy,1,0
8/28/15,Guinea,3797,2528
8/28/15,United Kingdom,1,0
8/28/15,Sierra Leone,13586,3952
8/31/15,Mali,8,6
8/31/15,Liberia,6,2
8/31/15,Guinea,3790,2528
8/31/15,Sierra Leone,13603,3953
8/31/15,Nigeria,20,8
8/31/15,Senegal,1,0
8/31/15,Liberia,10666,4806
8/31/15,Spain,1,0
8/31/15,United States of America,4,1
8/31/15,United Kingdom,1,0
8/31/15,Italy,1,0
9/1/15,Spain,1,0
9/1/15,Guinea,3792,2529
9/1/15,Liberia,10666,4806
9/1/15,Sierra Leone,13609,3953
9/1/15,United States of America,4,1
9/1/15,Liberia,6,2
9/1/15,Mali,8,6
9/1/15,Italy,1,0
9/1/15,United Kingdom,1,0
9/1/15,Senegal,1,0
9/1/15,Nigeria,20,8
9/2/15,Sierra Leone,13609,3953
9/2/15,Mali,8,6
9/2/15,United States of America,4,1
9/2/15,United Kingdom,1,0
9/2/15,Guinea,3792,2529
9/2/15,Liberia,10666,4806
9/2/15,Spain,1,0
9/2/15,Senegal,1,0
9/2/15,Italy,1,0
9/2/15,Nigeria,20,8
9/2/15,Liberia,6,2
9/3/15,Italy,1,0
9/3/15,Spain,1,0
9/3/15,Mali,8,6
9/3/15,United States of America,4,1
9/3/15,Guinea,3792,2529
9/3/15,Senegal,1,0
9/3/15,United Kingdom,1,0
9/3/15,Liberia,10666,4806
9/3/15,Nigeria,20,8
9/3/15,Liberia,6,2
9/3/15,Sierra Leone,13638,3953
9/4/15,Spain,1,0
9/4/15,United States of America,4,1
9/4/15,Italy,1,0
9/4/15,Liberia,10666,4806
9/4/15,Senegal,1,0
9/4/15,Nigeria,20,8
9/4/15,Guinea,3792,2529
9/4/15,Sierra Leone,13639,3953
9/4/15,Liberia,6,2
9/4/15,United Kingdom,1,0
9/4/15,Mali,8,6
9/7/15,Nigeria,20,8
9/7/15,Mali,8,6
9/7/15,Guinea,3793,2530
9/7/15,Liberia,6,2
9/7/15,Senegal,1,0
9/7/15,Italy,1,0
9/7/15,Spain,1,0
9/7/15,United States of America,4,1
9/7/15,United Kingdom,1,0
9/7/15,Sierra Leone,13670,3953
9/7/15,Liberia,10666,4806
9/8/15,Senegal,1,0
9/8/15,Liberia,6,2
9/8/15,Nigeria,20,8
9/8/15,Guinea,3792,2530
9/8/15,United States of America,4,1
9/8/15,Sierra Leone,13683,3953
9/8/15,United Kingdom,1,0
9/8/15,Mali,8,6
9/8/15,Italy,1,0
9/8/15,Liberia,10666,4806
9/8/15,Spain,1,0
9/9/15,Sierra Leone,13683,3953
9/9/15,Italy,1,0
9/9/15,United Kingdom,1,0
9/9/15,Senegal,1,0
9/9/15,Guinea,3792,2530
9/9/15,Liberia,10666,4806
9/9/15,United States of America,4,1
9/9/15,Liberia,6,2
9/9/15,Mali,8,6
9/9/15,Spain,1,0
9/9/15,Nigeria,20,8
9/10/15,Nigeria,20,8
9/10/15,Guinea,3791,2530
9/10/15,Liberia,6,2
9/10/15,Sierra Leone,13697,3953
9/10/15,Italy,1,0
9/10/15,United States of America,4,1
9/10/15,Liberia,10666,4806
9/10/15,United Kingdom,1,0
9/10/15,Spain,1,0
9/10/15,Mali,8,6
9/10/15,Senegal,1,0
9/11/15,Sierra Leone,13701,3953
9/11/15,Nigeria,20,8
9/11/15,Mali,8,6
9/11/15,Liberia,10666,4806
9/11/15,Italy,1,0
9/11/15,Guinea,3791,2530
9/11/15,Liberia,6,2
9/11/15,United States of America,4,1
9/11/15,Spain,1,0
9/11/15,Senegal,1,0
9/11/15,United Kingdom,1,0
9/14/15,Spain,1,0
9/14/15,Liberia,6,2
9/14/15,Senegal,1,0
9/14/15,Italy,1,0
9/14/15,Guinea,3793,2530
9/14/15,Nigeria,20,8
9/14/15,Sierra Leone,13747,3953
9/14/15,United Kingdom,1,0
9/14/15,United States of America,4,1
9/14/15,Liberia,10666,4806
9/14/15,Mali,8,6
9/15/15,Senegal,1,0
9/15/15,Italy,1,0
9/15/15,United States of America,4,1
9/15/15,Spain,1,0
9/15/15,Sierra Leone,13756,3953
9/15/15,United Kingdom,1,0
9/15/15,Nigeria,20,8
9/15/15,Liberia,10666,4806
9/15/15,Guinea,3792,2530
9/15/15,Mali,8,6
9/15/15,Liberia,6,2
9/16/15,Guinea,3792,2530
9/16/15,Liberia,10666,4806
9/16/15,Senegal,1,0
9/16/15,United Kingdom,1,0
9/16/15,Spain,1,0
9/16/15,Italy,1,0
9/16/15,Mali,8,6
9/16/15,United States of America,4,1
9/16/15,Liberia,6,2
9/16/15,Sierra Leone,13756,3953
9/16/15,Nigeria,20,8
9/17/15,Sierra Leone,13779,3955
9/17/15,Liberia,6,2
9/17/15,Mali,8,6
9/17/15,Spain,1,0
9/17/15,Senegal,1,0
9/17/15,Guinea,3794,2530
9/17/15,Liberia,10666,4806
9/17/15,United States of America,4,1
9/17/15,Nigeria,20,8
9/17/15,United Kingdom,1,0
9/17/15,Italy,1,0
9/18/15,Liberia,6,2
9/18/15,Senegal,1,0
9/18/15,Nigeria,20,8
9/18/15,United Kingdom,1,0
9/18/15,Liberia,10666,4806
9/18/15,Spain,1,0
9/18/15,Mali,8,6
9/18/15,United States of America,4,1
9/18/15,Guinea,3794,2531
9/18/15,Sierra Leone,13785,3955
9/18/15,Italy,1,0
9/21/15,Liberia,10666,4806
9/21/15,Nigeria,20,8
9/21/15,Mali,8,6
9/21/15,United Kingdom,1,0
9/21/15,Guinea,3797,2532
9/21/15,Senegal,1,0
9/21/15,United States of America,4,1
9/21/15,Liberia,6,2
9/21/15,Italy,1,0
9/21/15,Sierra Leone,13811,3955
9/21/15,Spain,1,0
9/22/15,Nigeria,20,8
9/22/15,Italy,1,0
9/22/15,United States of America,4,1
9/22/15,Liberia,6,2
9/22/15,Spain,1,0
9/22/15,Sierra Leone,13823,3955
9/22/15,Mali,8,6
9/22/15,United Kingdom,1,0
9/22/15,Guinea,3800,2532
9/22/15,Liberia,10666,4806
9/22/15,Senegal,1,0
9/23/15,Nigeria,20,8
9/23/15,Spain,1,0
9/23/15,United Kingdom,1,0
9/23/15,Sierra Leone,13823,3955
9/23/15,Liberia,6,2
9/23/15,Senegal,1,0
9/23/15,United States of America,4,1
9/23/15,Liberia,10666,4806
9/23/15,Mali,8,6
9/23/15,Italy,1,0
9/23/15,Guinea,3800,2532
9/24/15,United Kingdom,1,0
9/24/15,Nigeria,20,8
9/24/15,Guinea,3801,2533
9/24/15,Sierra Leone,13846,3955
9/24/15,Liberia,6,2
9/24/15,Italy,1,0
9/24/15,Liberia,10666,4806
9/24/15,Senegal,1,0
9/24/15,United States of America,4,1
9/24/15,Spain,1,0
9/24/15,Mali,8,6
9/25/15,Guinea,3797,2533
9/25/15,United States of America,4,1
9/25/15,Senegal,1,0
9/25/15,Sierra Leone,13855,3955
9/25/15,Liberia,10666,4806
9/25/15,United Kingdom,1,0
9/25/15,Mali,8,6
9/25/15,Italy,1,0
9/25/15,Spain,1,0
9/25/15,Liberia,6,2
9/25/15,Nigeria,20,8
9/28/15,Liberia,10666,4806
9/28/15,Spain,1,0
9/28/15,Sierra Leone,13894,3955
9/28/15,Liberia,6,2
9/28/15,United States of America,4,1
9/28/15,Mali,8,6
9/28/15,Senegal,1,0
9/28/15,Italy,1,0
9/28/15,Guinea,3805,2533
9/28/15,Nigeria,20,8
9/28/15,United Kingdom,1,0
9/29/15,Sierra Leone,13911,3955
9/29/15,Liberia,6,2
9/29/15,Liberia,10666,4806
9/29/15,United States of America,4,1
9/29/15,Spain,1,0
9/29/15,Nigeria,20,8
9/29/15,Mali,8,6
9/29/15,Senegal,1,0
9/29/15,Italy,1,0
9/29/15,Guinea,3805,2533
9/29/15,United Kingdom,1,0
9/30/15,United States of America,4,1
9/30/15,Mali,8,6
9/30/15,Sierra Leone,13911,3955
9/30/15,Liberia,10666,4806
9/30/15,Italy,1,0
9/30/15,Nigeria,20,8
9/30/15,Senegal,1,0
9/30/15,Guinea,3805,2533
9/30/15,Spain,1,0
9/30/15,United Kingdom,1,0
9/30/15,Liberia,6,2
10/1/15,Liberia,10666,4806
10/1/15,Italy,1,0
10/1/15,United Kingdom,1,0
10/1/15,Guinea,3808,2533
10/1/15,Mali,8,6
10/1/15,United States of America,4,1
10/1/15,Spain,1,0
10/1/15,Liberia,6,2
10/1/15,Nigeria,20,8
10/1/15,Sierra Leone,13928,3955
10/1/15,Senegal,1,0
10/2/15,Senegal,1,0
10/2/15,United States of America,4,1
10/2/15,Nigeria,20,8
10/2/15,Mali,8,6
10/2/15,Spain,1,0
10/2/15,Guinea,3809,2533
10/2/15,Italy,1,0
10/2/15,Liberia,10666,4806
10/2/15,Liberia,6,2
10/2/15,United Kingdom,1,0
10/2/15,Sierra Leone,13931,3955
10/5/15,Guinea,3804,2534
10/5/15,United States of America,4,1
10/5/15,United Kingdom,1,0
10/5/15,Italy,1,0
10/5/15,Liberia,10666,4806
10/5/15,Spain,1,0
10/5/15,Senegal,1,0
10/5/15,Sierra Leone,13941,3955
10/5/15,Liberia,6,2
10/5/15,Nigeria,20,8
10/5/15,Mali,8,6
10/6/15,United Kingdom,1,0
10/6/15,Liberia,6,2
10/6/15,Senegal,1,0
10/6/15,Italy,1,0
10/6/15,Mali,8,6
10/6/15,Spain,1,0
10/6/15,Sierra Leone,13945,3955
10/6/15,United States of America,4,1
10/6/15,Guinea,3804,2534
10/6/15,Nigeria,20,8
10/6/15,Liberia,10666,4806
10/7/15,Guinea,3804,2534
10/7/15,Mali,8,6
10/7/15,Sierra Leone,13945,3955
10/7/15,Nigeria,20,8
10/7/15,Liberia,6,2
10/7/15,Italy,1,0
10/7/15,United States of America,4,1
10/7/15,Liberia,10666,4806
10/7/15,United Kingdom,1,0
10/7/15,Spain,1,0
10/7/15,Senegal,1,0
10/8/15,Italy,1,0
10/8/15,Liberia,6,2
10/8/15,Guinea,3799,2534
10/8/15,Liberia,10666,4806
10/8/15,United Kingdom,1,0
10/8/15,Senegal,1,0
10/8/15,Nigeria,20,8
10/8/15,Mali,8,6
10/8/15,United States of America,4,1
10/8/15,Sierra Leone,13956,3955
10/8/15,Spain,1,0
10/9/15,Spain,1,0
10/9/15,Nigeria,20,8
10/9/15,Sierra Leone,13957,3955
10/9/15,United Kingdom,1,0
10/9/15,Liberia,6,2
10/9/15,Liberia,10666,4806
10/9/15,Senegal,1,0
10/9/15,United States of America,4,1
10/9/15,Italy,1,0
10/9/15,Guinea,3800,2534
10/9/15,Mali,8,6
10/13/15,United Kingdom,1,0
10/13/15,Liberia,10666,4806
10/13/15,Italy,1,0
10/13/15,Sierra Leone,13982,3955
10/13/15,Liberia,6,2
10/13/15,Nigeria,20,8
10/13/15,Spain,1,0
10/13/15,Guinea,3800,2534
10/13/15,Senegal,1,0
10/13/15,United States of America,4,1
10/13/15,Mali,8,6
10/15/15,United Kingdom,1,0
10/15/15,Liberia,10666,4806
10/15/15,Senegal,1,0
10/15/15,Guinea,3802,2534
10/15/15,Mali,8,6
10/15/15,Spain,1,0
10/15/15,Nigeria,20,8
10/15/15,Sierra Leone,13992,3955
10/15/15,Italy,1,0
10/15/15,Liberia,6,2
10/15/15,United States of America,4,1
10/16/15,United States of America,4,1
10/16/15,Liberia,10666,4806
10/16/15,Senegal,1,0
10/16/15,Italy,1,0
10/16/15,Liberia,6,2
10/16/15,Mali,8,6
10/16/15,Sierra Leone,13992,3955
10/16/15,Guinea,3804,2535
10/16/15,Nigeria,20,8
10/16/15,Spain,1,0
10/16/15,United Kingdom,1,0
10/20/15,Italy,1,0
10/20/15,Nigeria,20,8
10/20/15,Senegal,1,0
10/20/15,United States of America,4,1
10/20/15,Guinea,3803,2535
10/20/15,Sierra Leone,14001,3955
10/20/15,United Kingdom,1,0
10/20/15,Spain,1,0
10/20/15,Liberia,6,2
10/20/15,Liberia,10666,4806
10/20/15,Mali,8,6
10/22/15,Liberia,6,2
10/22/15,Spain,1,0
10/22/15,Italy,1,0
10/22/15,Nigeria,20,8
10/22/15,Liberia,10666,4806
10/22/15,Sierra Leone,14031,3955
10/22/15,United Kingdom,1,0
10/22/15,Senegal,1,0
10/22/15,Guinea,3801,2535
10/22/15,Mali,8,6
10/22/15,United States of America,4,1
10/23/15,Mali,8,6
10/23/15,Nigeria,20,8
10/23/15,Senegal,1,0
10/23/15,United Kingdom,1,0
10/23/15,Guinea,3801,2535
10/23/15,Spain,1,0
10/23/15,Liberia,10666,4806
10/23/15,United States of America,4,1
10/23/15,Liberia,6,2
10/23/15,Sierra Leone,14038,3955
10/23/15,Italy,1,0
10/26/15,Sierra Leone,14052,3955
10/26/15,Guinea,3804,2535
10/26/15,Italy,1,0
10/26/15,United Kingdom,1,0
10/26/15,United States of America,4,1
10/26/15,Senegal,1,0
10/26/15,Spain,1,0
10/26/15,Liberia,10666,4806
10/26/15,Nigeria,20,8
10/26/15,Mali,8,6
10/26/15,Liberia,6,2
10/27/15,Liberia,6,2
10/27/15,Mali,8,6
10/27/15,Guinea,3806,2535
10/27/15,United Kingdom,1,0
10/27/15,Sierra Leone,14061,3955
10/27/15,Spain,1,0
10/27/15,Senegal,1,0
10/27/15,Italy,1,0
10/27/15,Nigeria,20,8
10/27/15,United States of America,4,1
10/27/15,Liberia,10666,4806
10/29/15,Sierra Leone,14066,3955
10/29/15,Nigeria,20,8
10/29/15,Guinea,3808,2536
10/29/15,Liberia,6,2
10/29/15,Italy,1,0
10/29/15,United Kingdom,1,0
10/29/15,United States of America,4,1
10/29/15,Mali,8,6
10/29/15,Senegal,1,0
10/29/15,Spain,1,0
10/29/15,Liberia,10666,4806
10/30/15,Senegal,1,0
10/30/15,United Kingdom,1,0
10/30/15,Nigeria,20,8
10/30/15,Italy,1,0
10/30/15,Spain,1,0
10/30/15,Sierra Leone,14067,3955
10/30/15,Liberia,10666,4806
10/30/15,Liberia,6,2
10/30/15,United States of America,4,1
10/30/15,Mali,8,6
10/30/15,Guinea,3808,2536
11/3/15,Nigeria,20,8
11/3/15,Sierra Leone,14089,3955
11/3/15,Liberia,6,2
11/3/15,United States of America,4,1
11/3/15,Mali,8,6
11/3/15,Guinea,3810,2536
11/3/15,United Kingdom,1,0
11/3/15,Liberia,10666,4806
11/3/15,Spain,1,0
11/3/15,Senegal,1,0
11/3/15,Italy,1,0
11/5/15,Nigeria,20,8
11/5/15,United Kingdom,1,0
11/5/15,Mali,8,6
11/5/15,Senegal,1,0
11/5/15,Liberia,6,2
11/5/15,Sierra Leone,14104,3955
11/5/15,Italy,1,0
11/5/15,Spain,1,0
11/5/15,Liberia,10666,4806
11/5/15,United States of America,4,1
11/5/15,Guinea,3805,2536
11/6/15,Italy,1,0
11/6/15,United Kingdom,1,0
11/6/15,Liberia,10666,4806
11/6/15,Sierra Leone,14109,3955
11/6/15,United States of America,4,1
11/6/15,Liberia,6,2
11/6/15,Senegal,1,0
11/6/15,Guinea,3805,2536
11/6/15,Mali,8,6
11/6/15,Spain,1,0
11/6/15,Nigeria,20,8
11/10/15,United States of America,4,1
11/10/15,Nigeria,20,8
11/10/15,Guinea,3805,2536
11/10/15,Italy,1,0
11/10/15,Spain,1,0
11/10/15,Liberia,10666,4806
11/10/15,Senegal,1,0
11/10/15,United Kingdom,1,0
11/10/15,Mali,8,6
11/10/15,Sierra Leone,14122,3955
11/10/15,Liberia,6,2
11/11/15,Italy,1,0
11/11/15,Guinea,3805,2536
11/11/15,United Kingdom,1,0
11/11/15,Liberia,10666,4806
11/11/15,Sierra Leone,14122,3955
11/11/15,Mali,8,6
11/11/15,United States of America,4,1
11/11/15,Spain,1,0
11/11/15,Liberia,6,2
11/11/15,Nigeria,20,8
11/11/15,Senegal,1,0
11/12/15,United States of America,4,1
11/12/15,Liberia,10666,4806
11/12/15,Senegal,1,0
11/12/15,Sierra Leone,14122,3955
11/12/15,Spain,1,0
11/12/15,Mali,8,6
11/12/15,Liberia,6,2
11/12/15,Nigeria,20,8
11/12/15,Italy,1,0
11/12/15,United Kingdom,1,0
11/12/15,Guinea,3805,2536
11/16/15,Mali,8,6
11/16/15,United States of America,4,1
11/16/15,Liberia,6,2
11/16/15,Sierra Leone,14122,3955
11/16/15,Senegal,1,0
11/16/15,Liberia,10666,4806
11/16/15,Nigeria,20,8
11/16/15,Guinea,3805,2536
11/16/15,Spain,1,0
11/16/15,Italy,1,0
11/16/15,United Kingdom,1,0
11/17/15,United Kingdom,1,0
11/17/15,United States of America,4,1
11/17/15,Italy,1,0
11/17/15,Liberia,6,2
11/17/15,Guinea,3804,2536
11/17/15,Sierra Leone,14122,3955
11/17/15,Senegal,1,0
11/17/15,Liberia,10666,4806
11/17/15,Nigeria,20,8
11/17/15,Mali,8,6
11/17/15,Spain,1,0
11/20/15,Liberia,10666,4806
11/20/15,Senegal,1,0
11/20/15,Guinea,3804,2536
11/20/15,Liberia,6,2
11/20/15,Sierra Leone,14122,3955
11/20/15,Spain,1,0
11/20/15,United States of America,4,1
11/20/15,Mali,8,6
11/20/15,United Kingdom,1,0
11/20/15,Nigeria,20,8
11/20/15,Italy,1,0
11/24/15,United States of America,4,1
11/24/15,Mali,8,6
11/24/15,Liberia,6,2
11/24/15,Nigeria,20,8
11/24/15,Senegal,1,0
11/24/15,Sierra Leone,14122,3955
11/24/15,United Kingdom,1,0
11/24/15,Guinea,3804,2536
11/24/15,Italy,1,0
11/24/15,Spain,1,0
11/24/15,Liberia,10666,4806
11/26/15,United States of America,4,1
11/26/15,Italy,1,0
11/26/15,Guinea,3804,2536
11/26/15,United Kingdom,1,0
11/26/15,Liberia,9,2
11/26/15,Spain,1,0
11/26/15,Liberia,10666,4806
11/26/15,Senegal,1,0
11/26/15,Nigeria,20,8
11/26/15,Mali,8,6
11/26/15,Sierra Leone,14122,3955
12/1/15,Nigeria,20,8
12/1/15,Italy,1,0
12/1/15,Guinea,3804,2536
12/1/15,Liberia,9,2
12/1/15,Spain,1,0
12/1/15,United States of America,4,1
12/1/15,Liberia,10666,4806
12/1/15,Sierra Leone,14122,3955
12/1/15,Senegal,1,0
12/1/15,Mali,8,6
12/1/15,United Kingdom,1,0
12/2/15,Guinea,3804,2536
12/2/15,United Kingdom,1,0
12/2/15,United States of America,4,1
12/2/15,Liberia,10666,4806
12/2/15,Spain,1,0
12/2/15,Liberia,9,3
12/2/15,Sierra Leone,14122,3955
12/2/15,Senegal,1,0
12/2/15,Mali,8,6
12/2/15,Nigeria,20,8
12/2/15,Italy,1,0
12/3/15,Guinea,3805,2536
12/3/15,Liberia,10666,4806
12/3/15,Italy,1,0
12/3/15,Liberia,9,3
12/3/15,Mali,8,6
12/3/15,United States of America,4,1
12/3/15,United Kingdom,1,0
12/3/15,Spain,1,0
12/3/15,Nigeria,20,8
12/3/15,Sierra Leone,14122,3955
12/3/15,Senegal,1,0
12/9/15,Guinea,3804,2536
12/9/15,United Kingdom,1,0
12/9/15,Spain,1,0
12/9/15,Italy,1,0
12/9/15,Liberia,10666,4806
12/9/15,Senegal,1,0
12/9/15,United States of America,4,1
12/9/15,Liberia,9,3
12/9/15,Mali,8,6
12/9/15,Sierra Leone,14122,3955
12/9/15,Nigeria,20,8
12/10/15,Italy,1,0
12/10/15,Spain,1,0
12/10/15,Nigeria,20,8
12/10/15,Liberia,9,3
12/10/15,Guinea,3804,2536
12/10/15,United Kingdom,1,0
12/10/15,United States of America,4,1
12/10/15,Mali,8,6
12/10/15,Liberia,10666,4806
12/10/15,Senegal,1,0
12/10/15,Sierra Leone,14122,3955
12/11/15,Spain,1,0
12/11/15,United States of America,4,1
12/11/15,Nigeria,20,8
12/11/15,Senegal,1,0
12/11/15,Guinea,3804,2536
12/11/15,Mali,8,6
12/11/15,United Kingdom,1,0
12/11/15,Liberia,9,3
12/11/15,Italy,1,0
12/11/15,Sierra Leone,14122,3955
12/11/15,Liberia,10666,4806
12/15/15,Sierra Leone,14122,3955
12/15/15,United States of America,4,1
12/15/15,Mali,8,6
12/15/15,Spain,1,0
12/15/15,Italy,1,0
12/15/15,Guinea,3807,2536
12/15/15,Senegal,1,0
12/15/15,Nigeria,20,8
12/15/15,Liberia,9,3
12/15/15,United Kingdom,1,0
12/15/15,Liberia,10666,4806
12/16/15,Spain,1,0
12/16/15,Mali,8,6
12/16/15,Guinea,3807,2536
12/16/15,United Kingdom,1,0
12/16/15,Italy,1,0
12/16/15,United States of America,4,1
12/16/15,Nigeria,20,8
12/16/15,Senegal,1,0
12/16/15,Liberia,10666,4806
12/16/15,Sierra Leone,14122,3955
12/16/15,Liberia,9,3
12/17/15,Liberia,9,3
12/17/15,Nigeria,20,8
12/17/15,Spain,1,0
12/17/15,Liberia,10666,4806
12/17/15,Mali,8,6
12/17/15,United Kingdom,1,0
12/17/15,Sierra Leone,14122,3955
12/17/15,Guinea,3805,2536
12/17/15,Italy,1,0
12/17/15,Senegal,1,0
12/17/15,United States of America,4,1
12/22/15,Nigeria,20,8
12/22/15,Guinea,3804,2536
12/22/15,Senegal,1,0
12/22/15,Liberia,9,3
12/22/15,Spain,1,0
12/22/15,Mali,8,6
12/22/15,Sierra Leone,14122,3955
12/22/15,United Kingdom,1,0
12/22/15,Italy,1,0
12/22/15,United States of America,4,1
12/22/15,Liberia,10666,4806
12/23/15,United Kingdom,1,0
12/23/15,Italy,1,0
12/23/15,Guinea,3804,2536
12/23/15,Senegal,1,0
12/23/15,Liberia,10666,4806
12/23/15,Spain,1,0
12/23/15,Mali,8,6
12/23/15,Sierra Leone,14122,3955
12/23/15,Liberia,9,3
12/23/15,Nigeria,20,8
12/23/15,United States of America,4,1
12/29/15,United Kingdom,1,0
12/29/15,Italy,1,0
12/29/15,Spain,1,0
12/29/15,Liberia,10666,4806
12/29/15,Liberia,9,3
12/29/15,Sierra Leone,14122,3955
12/29/15,Mali,8,6
12/29/15,Guinea,3804,2536
12/29/15,United States of America,4,1
12/29/15,Nigeria,20,8
12/29/15,Senegal,1,0
3/23/16,Guinea,3804,2536
3/23/16,Spain,1,0
3/23/16,Sierra Leone,14122,3955
3/23/16,Senegal,1,0
3/23/16,Mali,8,6
3/23/16,United Kingdom,1,0
3/23/16,Liberia,9,3
3/23/16,Liberia,10666,4806
3/23/16,Italy,1,0
3/23/16,Liberia,5,4
3/23/16,Nigeria,20,8
3/23/16,United States of America,4,1